Name,Role
Daniel,Student
Michael,Student
Harry,Student
SAMUEL,Student
Kyle,Student
Michael,Student
Kevin,Student
JOSHUA,Student
Joshua,Student
Ashley,Student
Wilson,Student
Ryan,Student
Jose,Student
Michael,Student
Ryan,Student
Diego,Student
Hetvi,Student
Trisha,Student
Arjun,Student
Duru,Student
Allison,Student
Cole,Student
Fenny,Student
Mariah,Student
Daniel,Student
Shelly,Student
Kevin,Student
Sariyya,Student
Kevin,Student
Aadya,Student
David,Student
Alicia,Student
Xinyu,Student
Michelle,Student
Yuki,Student
Henry,Student
Hailey,Student
Jennifer,Student
Grace,Student
Daniel,Student
Justin,Student
Jonathan,Student
William,Student
Jake,Student
Daniel,Student
Kush,Student
Jason,Student
Brian,Student
Sofia,Student
Henry,Student
Nomin-Erdene,Student
Seyoung,Student
Un,Student
Yash,Waitlist Student
Justin,Student
Ryan,Student
Rachel,Student
yixian,Student
Adrian,Student
Jeffrey,Student
Ignacio,Student
Ryan,Student
Amaan,Student
Edward,Student
Ayush,Student
Lila,Student
Ameen,Student
Zhengxiao,Student
Austin,Student
Harry,Student
Jennifer,Student
Orson,Student
David,Student
Chloe,Student
Kiet,Student
Ashley,Student
Murtaza,Student
Ashwin,Student
Kaylee,Student
Meralda,Student
Ryan,Student
Samion,Student
William,Student
Naz,Student
Alyssa,Student
Dom,Student
Sagar,Student
Katie,Student
Michael,Student
Susan,Student
Alan,Student
Justine,Student
Lenci,Student
Daniel,Student
Timothy,Student
Ryan,Student
Linda,Student
Holden,Student
Nia,Student
Chu-Ching,Student
Elizabeth,Student
Atiila,Student
William,Student
Isabella,Student
Brian,Student
Diego,Student
Eesha,Student
Daphne,Student
Owen,Student
Alice,Student
Daniel,Student
Yuri,Student
Dawn,Student
Moore,Student
Alyssa,Student
Kevin,Student
Abhinav,Student
Shinmu,Student
Angela,Student
Sam,Student
Alyssa,Student
Diya,Student
Andres,Student
Jason,Student
Jiayi,Student
Aarush,Student
Katie,Student
Edwin,Student
Andrew,Student
Matthew,Student
Jin,Student
Shuhua,Student
Ji,Student
Andy,Student
Chris,Student
Olivia,Student
Davidson,Student
Melanie,Student
John,Student
Martha,Student
Rohit,Student
Anya,Student
Yash,Student
Saili,Student
Avery,Student
Afraz,Student
Ariella,Student
Angel,Student
Hanyang,Student
Renata,Student
Jiaqi,Student
Diya,Student
Kevin,Student
Raja,Student
Rohan,Student
Annabelle,Student
Ashley,Student
John,Student
Arjun,Student
Grace,Student
Robin,Student
Diya,Student
Arya,Student
Diya,Student
Eric,Student
Jack,Student
Kevin,Student
Jennifer,Student
Ryu,Student
Keryssa,Student
Michael,Student
Jeffrey,Student
Elise,Student
Jeffrey,Student
Israel,Student
Ariel,Student
Amanda,Student
Mary,Student
Aslesha,Student
Angela,Student
Eric,Student
Alex,Student
Neil,Student
Zara,Student
Alex,Student
Ryan,Student
Tyler,Student
Chang,Student
Andy,Student
Wendi,Student
Yash,Student
Kyle,Student
Avi,Student
Lina,Student
Jingjia,Student
Jalen,Student
Kong,Student
Ashley,Student
Alfredo,Student
Nayan,Student
Winn,Student
Molly,Student
Manav,Student
John,Student
Kyle,Student
Annabelle,Student
Jocelyn,Student
Haris,Student
Adit,Student
Matthew,Student
Connor,Student
Jennifer,Student
Atul,Student
Shreyas,Student
Angel,Student
Nishan,Student
Juliet,Student
SooHyuk,Student
Jin,Waitlist Student
Kevin,Student
Caden,Student
Dylan,Student
Harlie,Student
Joseph,Student
Prachit,Student
Jason,Student
Andy,Student
Ashley,Student
Michael,Student
Tianyi,Waitlist Student
Jaewon,Student
Yash,Student
David,Student
Freya,Student
Emily,Student
Benjamin,Student
Yunlong,Student
Yen,Student
Zi,Student
Daniel,Student
Abigail,Student
Apple,Student
Tanush,Waitlist Student
Matthew,Student
Matthew,Student
Soha,Student
George,Student
Rebecca,Student
Randa,Student
Aayush,Student
Adam,Student
Shawn,Student
Rohit,Student
Srisha,Student
Brianna,Student
Sanath,Student
Yesung,Student
Jiarui,Student
Wilma,Waitlist Student
Sarah,Student
Eliza,Student
Kevin,Student
Jocelyn,Student
David,Student
Ashni,Student
Andrew,Student
Janell,Student
Casildo,Student
Raghavan,Student
Nathan,Student
Kaasha,Student
Jiahao,Student
Tracy,Student
Juyeon,Student
Cal,Student
Bronzmer,Student
Daniel,Student
Justin,Student
Kaden,Student
Markus,Student
Kevin,Student
Emma,Student
Christina,Student
Yalu,Student
Maggie,Student
Mindy,Student
Ahmed,Student
Anika,Student
Sami,Student
Jeffery,Student
Colin,Student
Luis,Student
Jessica,Student
Mehek,Student
Tiger,Student
Ashley,Student
Piper,Student
Aananya,Student
Ethan,Student
Regina,Student
Guanren,Student
Tyler,Student
Lauren,Student
Kandra,Student
Anika,Student
Adam,Student
Wilson,Student
Ana,Student
Joshua,Student
Tyler,Student
Jinhao,Student
Jiahong,Student
Andie,Student
Austin,Student
Jeslyn,Student
Trevor,Student
Pavit,Student
Diya,Student
Neel,Student
Daniel,Student
Leona,Student
Sahil,Student
Katie,Student
Amy,Student
Jesus,Student
Eric,Student
Claire,Student
Jaeyeon,Student
Peidong,Student
Joshua,Student
Jennifer,Student
Gavin,Student
Sohail,Student
Anish,Student
Jay,Student
Zihan,Student
Chenghao,Student
Lilah,Student
Elsa,Student
Andrew,Student
James,Student
Priya,Student
Lily,Student
Leiliana,Student
Siya,Student
Ginny,Student
Erin,Student
Elise,Student
Kushal,Student
Niki,Student
Tiffany,Student
Will,Student
Olivia,Student
Jose,Student
Jolin,Student
Kaitlyn,Student
Jaiya,Student
Roberto,Student
Mingrui,Student
Gene,Student
Kenton,Student
Dina,Student
Patrick,Student
Adam,Student
Saalem,Student
Aaron,Student
Devan,Student
Henry,Student
Lisa,Waitlist Student
Sanya,Student
Katherine,Student
William,Student
Kaleen,Student
Shreya,Student
Monica,Student
Guadalupe,Student
Michelle,Student
Adarsh,Student
Kenny,Waitlist Student
Yiying,Student
Michelle,Student
Arthur,Student
Peiyi,Waitlist Student
Divya,Student
Natalie,Student
Alan,Student
Majed,Student
Henry,Student
Maahir,Student
Rohan,Student
Prarthan,Student
Steven,Student
Nicholas,Student
Iris,Student
Sylvia,Student
Jaedon,Student
Jamie,Student
Mark,Student
Askar,Student
Wentio,Student
Jerry,Student
Carolyn,Student
Kaiting,Waitlist Student
John,Student
Donovan,Student
Arthur,Student
Minsoo,Student
Jeffrey,Student
Kai,Student
Joey,Student
Haaris,Student
Adrian,Student
Jedi,Student
Gabriel,Student
Rongchuan,Student
Kirin,Student
Jennifer,Student
Arnav,Student
Ryan,Student
Jack,Student
Eungyeom,Student
Joanna,Student
Finn,Student
Yeonju,Student
Kellsey,Student
Yanhao,Student
Isaiah,Student
Ashley,Student
Darian,Student
Michal,Student
Yash,Student
Jude,Student
Amber,Student
Sasha,Student
Lyn,Student
Brian,Student
Mia,Student
Adit,Student
Anika,Student
Abdulrahman,Student
Ran,Student
Leo,Student
Aayush,Student
Krishna,Student
Ashley,Student
Fergus,Student
Gregory,Student
Nicolas,Student
Devanshi,Student
Mohamed,Student
Vincent,Student
Anthony,Student
Jonathan,Student
Joshua,Student
Robert,Student
Muslim,Student
Charles,Student
Cindy,Student
Jialiang,Student
Darren,Student
Nathan,Student
Anurag,Student
Daniel,Student
Maram,Student
Neha,Student
Yikun,Student
Raphael,Student
Keerthana,Student
Mengqi,Student
Pooja,Student
Emma,Student
Alex,Student
Pracheeti,Student
Kushal,Student
Daphne,Student
Avery,Student
Leonardo,Student
Ha,Student
Hannah,Student
Jon,Student
Oscar,Student
Akansha,Student
Eason,Student
Nolan,Student
Aryan,Student
Aryaman,Student
Brody,Student
Ridleigh,Student
Adeline,Student
Jess,Student
Arvin,Student
Andy,Student
Max,Student
Anthony,Student
Aryan,Student
Hiro,Student
Zack,Student
David,Student
Ariel,Student
Atharva,Student
Elye,Student
Tom,Student
Jerry,Student
Ayami,Student
Loegan,Student
Kai,Student
Kyaw,Student
Nahee,Student
Jessica,Student
Dylan,Student
Anders,Student
Sean,Student
Joanna,Student
Lance,Student
Andres,Student
Shreya,Student
Krish,Student
Sathya,Student
Sebastian,Student
Natalie,Student
Maya,Student
Sibi,Student
Geoffrey,Student
Yiyi,Student
Euisuk,Student
Geoffrey,Student
Akili,Student
Neil,Student
Madeline,Student
Sam,Student
Matthew,Student
Cindy,Student
Sharaf,Student
Gauri,Student
Jesus,Student
Ami,Student
John,Student
Justin,Student
Moise,Waitlist Student
Chris,Student
Alex,Student
Morgan,Student
Rachel,Student
Jasmine,Student
Yunseo,Student
Alisa,Student
Chuyue,Student
Keshav,Student
Isabelle,Student
Gyssell,Student
Kaitlyn,Student
Julia,Student
Adrian,Student
Wayland,Student
Mason,Student
Aadil,Student
Christabelle,Student
Jonathan,Student
Elizabeth,Student
Amit,Student
Hubert,Student
Tori,Student
Emilie,Student
Elsa,Student
Aurora,Student
Jesse,Student
Tyler,Student
Martin,Student
Linda,Student
Morelia,Student
Jinglun,Student
Anika,Student
Ariel,Student
Seiwoo,Student
Lizbeth,Student
Scarlet,Student
Yuliia,Student
Sawan,Student
Carl,Student
Jenna,Student
Richard,Student
Angel,Student
Heather,Student
Kailash,Student
Chris,Student
Luke,Student
Ivan,Student
Nicholas,Student
Robert,Student
Ethan,Student
Claire,Student
Jefferson,Student
Paul,Student
Myra,Student
Joyce,Student
Qi,Student
Donghuan,Student
Emil,Student
Alan,Student
Emily,Student
Hua,Student
Shashwat,Student
Vikram,Student
Rahil,Student
Cameron,Student
Rohan,Student
Austin,Student
Esther,Student
Vanessa,Student
Lauren,Student
Edurne,Student
Yuanfeng,Student
Sagar,Student
Abby,Student
Dhruv,Student
Nathan,Student
Sun,Student
Ethan,Student
Neha,Student
Jason,Student
Randall,Student
David,Student
Sanjana,Student
Zhanna,Student
Shriyanshu,Student
Krishi,Student
Yusei,Student
Maggie,Student
Yinuo,Student
Marcus,Student
Hashim,Student
Angelina,Student
Gloria,Student
Harkeerat,Student
Horia,Student
Cindy,Student
Janice,Student
Emma,Student
Aarti,Student
Liam,Student
Namira,Student
Bowen,Student
Lydia,Student
Jeanette,Student
Qili,Student
Amal,Student
Joshua,Student
Varun,Student
Mohammad,Student
Steven-Jethro,Student
Kyle,Student
Anthony,Student
Rohit,Student
Dare,Student
Zachary,Student
Robert,Student
Sebastian,Student
Aayushi,Student
Jonathan,Student
Chaeyoon,Student
Colin,Student
Philo,Student
Beau,Student
Dabin,Student
Valentin,Student
Howard,Student
Wendy,Student
Itzel,Student
Vinay,Student
Corey,Student
Riley,Student
Yibing,Waitlist Student
Natasha,Student
Lily,Student
Jahir,Student
Josh,Student
Chloe,Student
Julie,Student
Deleena,Student
Kyle,Student
Abbas,Student
Ziyi,Waitlist Student
Runze,Student
Philip,Student
Maya,Student
Bhavita,Student
Billy,Student
Hana,Student
Neha,Student
Abigail,Student
Christian,Student
Henry,Student
Kate,Student
Alejandro,Student
Ann,Student
Brandon,Student
Sarvagya,Student
Mathew,Student
Eshaan,Student
Arlen,Student
Ice,Student
Miles,Student
James,Student
Alejandro,Waitlist Student
Cyrus,Student
Rachel,Student
Bernard,Student
Nicole,Student
Phoenix,Student
Brooke,Student
Will,Student
Siddharth,Student
Miguel,Student
Param,Student
Aaron,Student
Sherry,Student
Vibhor,Student
Yufei,Student
Muhammad,Student
Sunny,Student
Nihal,Student
Beliz,Student
Taylor,Student
Hannah,Student
William,Student
Shutong,Student
Atharv,Student
Carolyn,Student
Carly,Student
Angela,Student
Rohan,Student
Claudia,Student
Rob,Student
Chia-Nih,Student
Trisha,Student
Diego,Student
Connor,Student
Dylan,Student
Caesar,Student
Reedhay,Student
Arz,Student
Cody,Student
MacAnthony,Student
Drew,Student
Alistair,Student
Julien,Student
Aryaman,Student
Nathaniel,Student
Claire,Student
Xiaomai,Waitlist Student
Jennifer,Student
Jiahao,Student
Elaine,Student
Karl,Student
Addison,Student
Aubrey,Student
Sam,Student
Mijael,Student
Ke,Student
Richardus,Student
Anmol,Student
Juri,Student
Ning,Student
Ronald,Student
Julian,Waitlist Student
Gissel,Student
Chaeyoung,Student
Zainab,Student
Harshini,Student
Corinne,Student
Akshay,Student
Luyang,Student
Harry,Student
Avyukth,Student
Aadi,Student
Karina,Student
Madelyne,Student
Melody,Student
Baijian,Student
Omed,Student
#REF!,#REF!
Arin,Student
Rohan,Student
Yannan,Student
Heidy,Student
Kanishk,Student
Ethan,Student
Yingzhen,Student
Alex,Student
Shanmukh,Student
Robin,Student
Jonas,Student
Renata,Student
He,Student
Selena,Student
Finnegan,Student
Yosef,Student
Sylvie,Student
Aditya,Student
Kristen,Student
Xinyi,Student
Asad,Student
Yiya,Student
Devon,Student
Rajoshi,Student
Zain,Student
Adam,Student
Johnny,Student
Reina,Student
Jai,Student
Anushka,Student
Carly,Student
Sarah,Student
Tianyi,Student
Bruce,Student
Krithika,Student
Alisha,Student
Aadith,Student
Andy,Waitlist Student
Crystal,Student
Alia,Student
Giuliana,Student
Leon,Student
Ariav,Student
James,Student
Sricharan,Student
Kathryn,Student
Rian,Student
Shreya,Student
Max,Student
Chien-Hung,Student
Yishak,Student
Alex,Student
Bowman,Student
Hiya,Student
Martha,Student
Yuki,Student
Timothy,Student
Kyle,Student
Veda,Student
Nathan,Student
Chloe,Student
Tara,Student
Avi,Student
Wenhao,Student
Phoenix,Student
Nick,Student
Gene,Student
Arnita,Student
Fernanda,Student
Brian,Student
Ronit,Student
Haitian,Waitlist Student
Abdullah,Student
Ziche,Student
Inaya,Student
Neel,Student
Charisse,Student
Sonja,Student
Jacqueline,Student
Tomson,Waitlist Student
Tianrui,Student
Vyoma,Student
Winston,Student
Anita,Student
Tony,Student
Marvin,Student
Jaclyn,Student
Han,Student
Austin,Student
Anya,Student
Cameron,Student
Kayla,Student
David,Student
Clara,Student
Paolo,Student
Grant,Student
Christine,Student
Amaan,Student
Festo,Student
Shrinidhi,Student
Shayan,Student
Yufei,Student
Nicki,Student
Masuma,Student
Sean,Student
Yu-Chieh,Student
Peter,Student
Eden,Student
Yan,Student
Yihan,Student
Anya,Student
Anh,Student
Minseo,Student
Sebastian,Student
Anny,Student
Hamzah,Student
Jeremy,Student
Leyan,Student
Norman,Student
Devon,Student
Aleksandra,Waitlist Student
Mamoona,Student
Anuj,Student
Jin,Student
Nazar,Student
Jing,Student
Philip,Student
Altay,Student
Sky,Student
Yunhan,Student
Yasna,Student
Nicolas,Student
Nina,Student
Ved,Student
Iris,Student
Ani,Student
Jerry,Student
Emily,Student
Shuqi,Student
Juliet,Student
Sasank,Student
Theo,Student
Varun,Student
Megan,Student
Vivian,Student
Amanda,Student
Enoch,Student
Junhao,Student
Connor,Student
Jonathan,Student
Meher,Student
Neha,Student
Chrysanne,Student
Andrew,Student
Wenyi,Student
Achintya,Student
Shiama,Student
Charith,Student
Joshua,Student
Linh,Student
Stephanie,Student
You-Jia,Waitlist Student
Ananya,Student
Sienna,Waitlist Student
Juhi,Student
Kiara,Student
Nikola,Student
Soliana,Student
Peyton,Student
Lawrence,Student
Xin,Student
Heyun,Student
Amy,Student
Ian,Student
Wasi,Student
Yinqi,Student
Jooyeon,Student
Kennedy,Student
Luis,Student
Jeremy,Student
Vayun,Waitlist Student
Gina,Student
Harutyun,Student
Anna,Student
Arya,Student
Vivian,Student
Khushboo,Student
Sanya,Student
Maria,Student
Lorena,Student
Noam,Student
Anja,Student
Filippos,Student
Niccolo,Student
Cooper,Student
Jeffrey,Student
Joseph,Student
Danika,Student
Jiaxuan,Student
Saketh,Student
Ankit,Student
Matt,Student
Phoebe,Student
Joshua,Student
Shanaya,Student
Rinrada,Student
Anderson,Student
Chad,Student
Eloise,Student
Eric,Student
Xinyu,Student
Catherine,Student
Mauricio,Student
Joseph,Student
Abhishek,Student
Sami,Student
Michelle,Student
Musaab,Student
Elizaveta,Student
Jerry,Student
Nurin,Student
Tim,Student
Euphony,Student
Julia,Student
Arjun,Student
Phillip,Student
Julian,Student
Simran,Student
Patrick,Student
Ariana,Student
Juan,Student
Edward,Student
Cole,Student
Ruonan,Student
Edward,Student
Brianna,Student
Madeleine,Student
Arwen,Student
Anne,Student
Hans,Student
Boris,Student
Ethan,Student
Hardy,Student
Hanbo,Student
Cashus,Student
Liana,Student
Chris,Student
Isha,Student
Ricardo,Student
Jaewon,Student
Nicholas,Student
Meng,Student
Katherine,Student
Aniqa,Student
Foster,Student
Ajit,Student
Oswaldo,Student
Rick,Student
Alireza,Student
Malak,Student
Ralfi,Student
Seyed,Student
Jacob,Student
Carmen,Student
Erin,Student
Eva,Student
Lima,Student
Amy,Student
Smrutik,Student
Nassib,Student
Heewon,Student
Danial,Student
Tanish,Student
Kinton,Student
Tanay,Student
Alyssa,Student
Yumin,Student
Yiyang,Student
Kathleen,Student
Shruti,Student
Maixin,Student
Ritam,Student
Roy,Student
Will,Student
Reema,Student
Rhea,Student
Lili,Student
Rithik,Student
Shaivi,Student
Divya,Student
Qiuyue,Student
Sahasra,Student
Ningxin,Student
Vincent,Student
Kaitlyn,Student
Aarav,Student
Vanessa,Student
Liberty,Student
Thompson,Student
Benjamin,Student
Lily,Student
Samuel,Student
Emile,Student
Jehad,Student
Tvisha,Student
Bayaan,Student
Xingrui,Student
Khush,Student
Arthur,Student
Ian,Student
Jecy,Student
Yuhan,Student
Grant,Student
Olivia,Student
Ignacio,Student
Zhuoya,Student
Juna,Student
Nikou,Student
Elliot,Student
Ayushi,Student
Lennox,Student
Edison,Student
Fatema,Student
Ankita,Student
Derek,Student
Alexa,Student
Hanan,Student
Anahita,Student
Jun,Student
Katrina,Student
Anahi,Student
Francisco,Student
Raj,Student
Almudena,Student
Stone,Student
Celia,Student
Jared,Student
Thy,Student
Grace,Student
Patrick,Student
Leon,Student
Haofeng,Student
Alicia,Student
Keane,Student
Weiyang,Student
Rachana,Student
Ajay,Student
Manav,Student
Jasmine,Student
Yuli,Student
Aaron,Student
Aniket,Student
Katelyn,Student
Aisha,Student
Jacqueline,Student
Ava,Student
Andrew,Student
Desiree,Student
Joe,Student
Gillian,Student
Zhaowen,Student
Fanjia,Student
Ahyeon,Student
Hridayaa,Student
Melody,Student
James,Student
Cortez,Student
Nurzhan,Student
Gary,Student
Ahrim,Student
Tegveer,Student
Arnav,Student
Dennis,Student
Pranav,Student
Jae,Student
Nathaniel,Student
Chloe,Student
Shriyaa,Student
Reva,Student
Jenny,Student
Armaan,Student
Kelvin,Student
Shayla,Student
Haley,Student
Kathy,Student
Diane,Student
Karen,Student
Luqman,Waitlist Student
Govind,Student
Vafa,Student
Jiangyu,Student
Trisha,Student
Samantha,Student
Ellery,Student
Jack,Student
Donald,Student
Yolanda,Student
Adam,Student
Ananth,Student
Piper,Student
Sherina,Student
Jiawen,Student
Viraj,Student
Ontario,Student
Chaarvi,Student
Anh,Student
Bilguun,Student
Jade,Student
Jackson,Student
Nadine,Student
Dennis,Student
Evan,Student
Danny,Student
Yixue,Student
Isabella,Student
Stephen,Student
Brandon,Student
Victor,Student
Caitlin,Student
Logan,Student
Sumeet,Student
Koharu,Student
Weiyi,Student
Kobe,Student
Zhixuan,Student
